Método,Conjunto,Registros,Media_cnt,Std_cnt
Temporal,Train,584,4153.5993150684935,1788.8875747592901
Temporal,Test,147,5897.802721088436,1881.0291326294669
Aleatorio,Train,584,4560.977739726028,1916.2435132062426
Aleatorio,Test,147,4279.374149659864,2009.3151160944215
